id,username,password,login
318d3399-1ce6-42c4-91cd-f44e360b2be1,fcruz,d36DS#gO)F,katherine99@example.com
240ae3dc-fd64-43cd-8aa6-89f7d7cefbde,jonestim,i%2PSaqz07,alexis71@example.org
f3c97f19-a207-4e0c-abcb-81d0a028a7ca,marisa12,()v0V#_p(a,craig03@example.org
b09a8e65-7d7e-473c-9a43-1a3b9a029a94,skinnerryan,3&9LOm+oxn,thomasmann@example.com
9ea94bdf-4614-4d9e-84ba-89950c11c88b,irwintara,^R7SEd0(rb,wrightzachary@example.net
0aceb8ae-8d81-4922-bafa-f5fbce534293,parroyo,8WYSOhyG$D,ocummings@example.com
4a396076-7e16-4f51-8bb6-997ba1770d59,kcampbell,m9u7HKcW4@,royreynolds@example.org
44ac8f4a-4d0a-4c22-9ed3-b628c8442743,jfleming,*Cf65KlT*9,allentanner@example.org
62713d41-c0a6-4f3e-8374-83f1b4c326e2,hunter77,E)Yw7Pg5$Y,jpayne@example.net
61c281e8-e72f-4e68-83f0-d18aa09b4e70,isaac90,3)dY2I9hbg,crawfordvictor@example.net
bad3789d-d088-4a74-983c-8b22eb5f66ce,oalvarez,v@0dZlVrs(,ryanwilliams@example.org
2cfb4452-6d5d-491d-85e1-94ab945fa80b,suarezsarah,_xScb82s70,christopherrodriguez@example.org
521450af-6785-421d-9f25-6f602152205e,johnsonnicholas,!sv8Wjd4pB,mosesdouglas@example.com
93f3dae7-fb98-46e0-ad82-22dc2f029a20,brenda44,@XUMuKgz05,johnnybriggs@example.com
d439b7d8-dd0a-4fa7-ae2f-c22ae8de68e3,jamiebriggs,)kYqEG0l29,lcrosby@example.net
4ac9c380-af6f-45ca-a541-0b261246943a,danielle95,5iOApUH7^Y,foxandrew@example.com
b0b7d6b0-1641-404b-882c-cebdd040711f,ycarter,ib(2ZWarbM,tara47@example.net
a1a5e8cc-c886-4ad5-9ba4-27437e50aa88,tanyaflowers,$em6Oxxc5b,ayalacasey@example.net
e2f3fabd-cca4-4b2c-966f-6fcc564b0f74,hgilbert,2u9O5!z)_Q,michaelvillarreal@example.net
0b049e56-7f98-4abc-bd64-dff210162678,joe40,O^09lw0h!L,matthewpacheco@example.com
3b4efb89-f5de-453c-b6f6-0396cfb27804,xwalsh,i$6WFDr1+L,goodmargaret@example.net
3c896d4f-0268-4bb1-ad86-67d8439211a0,ooneal,*6yaZugVG5,marcuslawrence@example.com
5f050a8a-29dd-4674-9d39-a4980c7b80e5,nancyhoward,Z5$1KoSgr+,richard88@example.net
bae6d2b2-63ea-4562-b09e-985e3e0f8c26,ilopez,ha0dAWg+*d,brockerika@example.org
93b904d7-a9a3-40e1-99ae-b6f85d9cf8ea,lisa97,3bW5tzqw!0,hlopez@example.net
c6704e4f-132e-4d9f-8d67-b8b617d2e35e,uhamilton,7$lLP7NxKR,jevans@example.com
4d98723d-7f80-412f-b5d6-1fe43bfcc0aa,ricky05,^&9Szx3O6i,scottshari@example.net
9ace7527-b471-4e83-a05a-a41b818b4252,burnetttimothy,)pO2HIcR*1,benjamin69@example.org
871d0796-c768-4f6e-b57a-80af08c9e578,rebecca01,4Jz8EFfM2(,alvaradokathryn@example.org
5fdd89f8-c31f-4e56-891c-44f69ca10d87,cynthia54,s4VY1lHw(6,garciaedward@example.net
14517f26-837c-4049-8a95-eddc9609bc9d,christinavilla,%K6USql)hx,carlos51@example.net
0a9c6ec0-c897-408f-8c92-22708d9cb89a,nicholasjones,dgF21N8z^d,foleyanthony@example.net
9164347c-faaa-47fa-8c01-63ad6bd9c522,jpayne,)kY@X0Wv*7,amandaballard@example.com
7c828d60-a9dc-4388-9c21-2d37ed4e3f61,swilliams,YD81VzMOW_,christopher07@example.com
f98cf1fc-1d07-468c-a817-f645b9cf1320,alexander13,^AE1nTErfN,oshepherd@example.org
7d0ab4dd-f1f8-42b9-8c39-32cfed48aca1,umaxwell,atC4iO14I#,edwardlewis@example.org
bf5e4ec7-c69e-4bc4-8de6-59ab2c8ff2cf,clarkjames,u$Yq9Sm&_A,franciskrystal@example.net
7e69d68f-dec4-49de-a783-993aec1fd41a,hjohnsona,NG0QO)h#&V,robert36@example.net
35e4d724-a80f-4cab-8a20-99fff67fc45d,ralph07,@vbSed0g1o,zorozco@example.org
e865b668-5a3e-459a-9f9f-4d1d3ad8b25c,ljohnson,lZ5w2KHc@!,nhester@example.org
6379a63a-2a19-4781-b548-7aa11daa8325,jose85,l$r1A#(jnH,acrane@example.org
5c69676b-6c81-445a-8750-50c4310da778,vjohns,#8vMN$wqM3,lovejamie@example.net
feaba7ca-cf86-49ec-bf0e-b7361027450c,wendy35,L5%74DQy)N,jesusmeyer@example.org
5e7a36d5-10f9-4b09-ae9c-ba159644da36,brownraymond,6VKg9ZBo!),hartmancrystal@example.com
dea86d56-7190-4cd8-88f2-3217e780b4b2,asharp,C3wnk0pp^H,christina06@example.net
b569e60a-9f86-453d-951e-b3d5b1c929e1,mario43,OlTMKSeo)3,sandra44@example.org
2f0fb539-9288-4b6a-ba2d-9464ebd3efee,wvaughan,@Z+7H8ctBA,perkinsjared@example.org
9b87826e-8bd9-40b3-aec3-a0712bf6a60a,lindsey36,Y3H6Pfhn)Q,morgan09@example.com
8d65ce89-2870-4418-80b9-b6703aebff2f,timwilson,j*@#M7Vo(@,kristinehall@example.com
fc7841ed-2b9e-4a11-8654-fa8a22a5b647,yatesraymond,*j2J8LzOq1,rbrown@example.net
eb466f0c-5e01-44bf-86c7-c89aee1fc568,heather18,s@5LscoJO3,gregoryfarmer@example.net
a0d0a7d6-9ef9-441e-a530-6aca8d4e4dee,eric20,oX8TnURPX(,nicolesalinas@example.org
7d80ca83-012d-450d-80f5-c5a747888ee1,anitaguzman,id0NgCqB+@,chadsmith@example.net
dd834949-319e-40a0-b224-222bc90ff6d8,curtishernandez,!33nTZSccP,keith81@example.com
1e310ba5-dbf5-463b-b7b7-1aa13f2c35ef,msullivan,cZJ+8BeXI0,jenny67@example.net
38ade41a-6736-49b6-9bbd-a00128862577,pcohen,222fuY)e$H,thomaspeter@example.org
2887171d-ac45-4d60-ab87-89f2374e9e41,lauren61,Sd3UktJq*k,xjackson@example.com
7972b3fc-804e-444f-ac11-5b1d7ff679ac,kyle47,$e05ncNgtr,amychambers@example.org
a708fba7-5bfc-4c18-95a1-9acbded4768a,andersonmichael,9w*k9NEa#l,dstewart@example.org
3236447f-0ff8-4b2e-8264-b4cacdf9a666,natashaevans,SZlAtZkM+7,garciarandy@example.org
315227c2-6b04-4964-bdef-096f133075e1,skinnernicole,l@T9(FzrCC,jimenezcarl@example.org
ea7006d9-cf5a-4c7c-a45b-4abdffde5e67,marcopatton,3(aY3BqNP9,erhodes@example.com
158dbf01-3f1b-4b3d-b877-5c98883a619c,daniel38,Q3fkQR1z$4,bryanphillips@example.com
4287a8a0-8449-401a-a992-69d8f602af33,callen,&k5AGyvQ_Z,hartmanlawrence@example.com
2550fb03-661b-4e39-b8f2-9ed8f2f8bc6d,silvacynthia,*(d2Pb7O)H,ryan02@example.org
3627c8f5-e82c-423d-9590-efd2a4a0d771,yvonne89,yg9VqM%w_%,ikrueger@example.org
67c51283-ee27-4eb6-99e2-f5be64fa6bb1,jfoster,Gzny1ZyP&^,fraziernancy@example.org
e3bff071-b2d0-47b6-9d5c-0554842c57d0,meadowsamanda,^TRu0VEX31,olsenlaura@example.com
2a27bf9e-3234-4337-97fb-bcfe73e8e34c,sharonkim,)NEoVg9g@2,tramirez@example.net
142ad679-e7d5-4479-bed4-248c0f54f05d,tclark,f7*TLz1l)6,isaiah91@example.com
6265efb5-fdb0-4544-b4aa-35e4244426f7,patricksalazar,f2B7k8RB)5,markwhite@example.org
49f94871-3565-46ef-ae77-7ddb869ec159,rachel85,$U2_Wxif_t,christopher30@example.net
b5de793e-f3c8-408f-8edf-b763755dc346,jacobmartinez,#3w4DNIp*%,halebrandy@example.net
ead35663-c609-4d6f-8d3e-4c0afeb508ac,bcarpenter,fw2MUG1%D*,jennifermills@example.net
e1b43ef1-61f8-4338-81fe-082c3ee10c50,douglasschwartz,%Ro6VJ7p!v,jkoch@example.com
90f4af3f-74c0-4689-a6a8-eda3a1c4bc9a,collierallen,)zLhppH@T1,goodwinjessica@example.net
c73113bf-c7d6-40ad-84a1-01799032b993,andrew52,@k5KxRnar7,micheal81@example.com
ba138013-b265-46f8-a776-c918caef2c1e,jhowell,$2Vs6HWzsg,jhughes@example.org
bed2cbd5-2871-4168-beb4-7530ab0a9d5c,denise73,v6qZCegF)W,rebeccadavis@example.com
681b3177-8709-4e1c-b3c6-3e30699aba66,griffinpeter,@E@8PlS&Bb,leonchristopher@example.net
7ddc8bf3-81a3-4e57-b4e0-5bb18cbeab27,ccooper,!^55dDfvLx,austinscott@example.net
415a47f8-032b-4e92-8789-66116cd16ee6,thomaskelly,)F5@ASLvxO,alexanderbrown@example.net
8965501a-70ba-490d-a907-842ea70e3377,mking,WX29DrqyR*,antonio46@example.com
d81730eb-4a93-4670-b12a-b5cd33553f7a,carlanderson,$vaJ8tHpkI,cindy08@example.org
7f86e6b1-1a26-4c8e-9ef5-e051d0ffd574,brian23,v6kOfOGl%W,christopherdixon@example.com
2f7f3b9e-d94e-4e2e-a7ea-59ee2848040b,kscott,W7^uH2Jb*V,pbean@example.net
0cb20b9f-22c9-4c87-b7a1-961e9705c52f,scott60,+6bFDLuRAu,marshallamanda@example.org
392ec96d-b1fc-4ddc-86a2-21b303437b6f,troy94,4%2Gmbpa^+,xjackson@example.net
2cb44cd2-3f7b-4ba7-a473-79b400be6130,chenjames,%hCnI(ws5E,phillipbennett@example.net
5dd7b915-73b2-41a1-8985-5f08d522aa06,jdavis,)Q7eF4Ox#1,mistyrichardson@example.com
c3da9e9d-961b-4042-9812-6f552879bc91,saragarcia,cU!7Fx_d+4,russellbennett@example.net
e7fef737-441c-4b9d-89ec-7115c9186456,mariah86,P#1GLZGsc$,brian36@example.net
665c66ac-7865-43aa-8ee1-fd4ad1bfe567,donald18,&p^v9zIx!&,qsmith@example.net
e73836be-7439-4ad7-9834-d18acdb8de8f,fowlerdaniel,^U$3Ca!VG!,jgibbs@example.org
bd2f4a81-1c67-4238-9400-192448d9ee9d,lmorgan,z4iLlmol@p,adamgarcia@example.com
7955b1e5-3d0e-4a8a-823d-8b83a2405858,adamsaaron,RET5VJxk+j,cgreen@example.net
be0c4021-f48e-4c77-92ce-d12e1f339645,jacobsonsierra,%00GrHcr5s,timothy11@example.net
fba4c470-9c4a-4a8c-a9a2-296ef6c4be7e,lambertjoshua,h$JOGffg&1,carlsondylan@example.org
8020c86d-b307-49b4-bb58-1ac9deb3e8af,qjackson,1&0Penrcy%,shannoncastro@example.com
3d199186-f1c6-4be3-b005-aff9cb6f5f1d,carlmyers,82DZdl1!_L,brownaaron@example.com
82a3ad03-2839-41f6-a80e-c8eb6b06d381,kelly27,99C5XsTw(+,arthurmcmillan@example.com
8ff3a44c-ee02-4dff-b2a8-182b355eb936,lauren91,@zCO3Lrq9b,xwilson@example.org
7ca27911-c389-4e1c-be14-99294b80adcd,kyleclark,@pHnUQhfb4,garrettbryant@example.net
c445847c-b800-4fe9-8ffa-4600a0152578,brian41,_j9tXOho4F,deborah19@example.net
54ba435a-2246-40bf-b9f3-3693cbbb790d,gonzalesjimmy,Z&3pPGoN(&,robert99@example.com
82248f57-7fc0-47da-9fd4-96704b8ef485,ann59,$Qni$Mw2_9,benjamin40@example.net
a88240fa-4fb7-45af-bb43-79d12b4753d1,michaelperkins,%5d_8KzLQP,michelle86@example.org
a9254a13-61ef-4f9a-be98-badd26e805db,joshuawilkinson,uS6Dqgs#T#,margaret09@example.com
464615e2-e895-4481-80f0-d983ef519fc2,zfisher,x6RAcfO0_f,hamiltonpaul@example.com
7fc1db7a-450e-415b-aa77-3943317e35cd,sara81,k*1UqQ2jJ(,daviddixon@example.net
6d0d284d-2f63-4bfa-86bd-50e16b21c3f7,pvang,@c8)vX3S!^,usmith@example.org
dc56906c-8e4d-408b-8ded-85c0292917af,hunter69,h+G_0ExG+6,wlewis@example.org
4b9054de-125e-4835-9450-7391d6890a72,emilyleonard,*vI!R1vbW1,dawsonjames@example.net
55286edb-e1e2-47d1-ac62-1e34d2c683d2,hallvincent,aZ+se1*s*!,paulbautista@example.net
2cd619f5-f9a2-49f2-b286-9dce47637623,udaugherty,5*@9XZax&0,christinawilkerson@example.org
7294c9fe-cd4c-479f-b4a5-218873fa1fba,lrodriguez,(GIL5Is)3f,xmayer@example.org
bfa8f794-0b7b-4b01-bafc-4c67c372498c,collinsdaniel,+^z_sAfeO0,uhicks@example.net
01cf7b20-6866-4837-962c-1b151ef9e137,kaitlynpittman,_wEl6NKr#T,paulchristina@example.org
373f89dc-9bc1-4856-969a-062302de7358,diana11,#1A$7ADlr!,vkane@example.com
7209fb9d-f179-4049-83c9-93af22d2cd42,gbraun,Gr__7CcS1z,thomaseric@example.com
ec21011d-270a-4414-b539-f79adca1b033,angela59,3aMBFr2h+w,james96@example.com
fa0192a6-ea01-44f2-8c7e-32e1a3227607,ggregory,*vrNQKBAZ4,kendrathomas@example.com
30e6a899-d9ea-4a4b-8111-30277cd75560,collin37,su*5ZWSgd*,randy05@example.com
41eadca3-e790-472d-a989-6902846993e1,kelsey68,0nrqZokv)M,ashleymegan@example.net
537f1e98-9faa-4825-a4b7-911f558819ee,iburns,R#9DE+1qzm,kelly97@example.net
233a67d2-e129-41b2-be74-7133d9ff8073,dawnnguyen,$5%@CYwdOl,msullivan@example.org
82886e6e-9395-410b-9f7c-173c0dd61c1c,shortmark,B!0AqCCqf#,andrewsmathew@example.org
2e9c122d-f2f8-4955-98fa-cb90f583b6b3,teresasmith,(LEY#Fkt$8,camachomargaret@example.com
8b84ec14-eccc-498a-aded-988fe57cd364,adamserica,&8DKR4d@KV,quinnrobert@example.com
2cd31a00-b0ba-44ab-853c-83ff4007b0a7,warebrian,3)OByare$o,marymills@example.com
0e33e841-e26f-493e-8f9d-e07bdb6d125f,mpowers,rNQ11dbd@8,epatterson@example.org
aa99741e-c29f-4d7f-8cb5-bf9ea6a0256b,brian88,%%1IKyxk8n,jamesmatthew@example.net
8f805232-6507-4dd4-9646-66893be95abf,wsmith,+88tLc6Bkk,chelseaweber@example.com
287a4924-ba56-4c7c-82d6-52c770b47c26,robertsrobert,dM69Unfc(e,rhondawright@example.org
e09d4e47-e7b0-48f8-a983-12d91869d051,jasondawson,8yy3I#Mc)5,taylorkenneth@example.com
e9c56aea-7c37-4f5d-9a98-5e507848a49a,yluna,lfnE5B8q$6,heatherwatson@example.org
9b01e3e8-da9d-4e9d-ae57-17eb76577379,thorton,!7g1JnNh2Z,hsweeney@example.com
6d351b5c-db26-4165-a73c-da3cc4fbd499,tylerthompson,%n*8Qy3NT1,nicholasrobinson@example.org
484d99e8-a210-4e10-a428-9caa59988636,beckeremily,q^65JkXdmQ,cunninghamvalerie@example.com
3656b636-6ffe-4cf3-8fa6-5695f44d4c16,qfrazier,84OqxTt3_6,dweaver@example.net
919770d1-5b7c-4533-bdff-fb7262c552d9,tylerwilliams,*028XPQb*0,angela90@example.org
61a70b9a-3709-40ec-acb4-61eba10e7983,amack,Gjh6PoWNm#,aklein@example.net
82572195-4c69-4e97-a3f0-dea52b4a45b7,fbrady,*j21LkK&Mn,christina13@example.net
a588951e-169c-4ed4-80d9-f698487e146d,matthew28,!e0YLCrwB^,tnewman@example.net
63481f82-c917-446b-b9da-a92ee9e05c09,shannonadams,)fDAN(*E72,brandonvelez@example.com
f8e6c075-7422-493d-a30e-030d6db973f2,ksmith,g+Cp02XU5k,aliciadavis@example.com
6dc9074d-2b2c-4fe8-a523-dbab8f14012c,xcarter,MS)3UxgIc9,kelsey79@example.com
9f33fbae-d673-4f2c-b267-fbf51f68b186,cwilson,$7X%5ktAsX,oalvarado@example.net
af5e1981-dee1-44e4-b0ff-3efc2136f474,michaelesparza,4i^5xHP_^+,ginawilliams@example.net
1f40365b-6dde-49eb-88db-3ede3fb3eb16,knightmisty,*%Gi6GVz*h,lucaslauren@example.com
7ada35fe-136e-448d-9ae6-ff7972e36d9d,ajones,$%dz3K#vIm,michelle97@example.org
99470c8e-3671-4d02-ae4c-d736f4a3fc43,shawnturner,f85G9cTB_g,rebecca35@example.com
13955a0d-3e76-4130-8575-1e6b70643ac0,kirkhernandez,@4ODd+71dQ,xpaul@example.org
cf6db5c3-aec9-4d80-a0ef-f638500f9b7f,tmccoy,!R03fNEgct,ronald84@example.net
b856761e-27b3-4edf-8a79-001a459298f0,joshuaharper,$1FjUYWu8a,todd34@example.org
adc86210-56d3-418d-be3f-b83604eaaf93,jessica52,OiIqAS&O#6,inorton@example.com
93cb861e-5c2c-4080-bd05-0733da623717,melissaferguson,+B&3lLg2#L,charlesgarcia@example.org
ed714c66-0282-42b2-9d2e-ef3fb6d314e6,brycedixon,@d12EUalsp,aburke@example.org
07a7dfde-0d16-4f52-a5e9-bc346e8e27b1,gwilliams,$o!qc%Boi3,samanthahughes@example.com
a62fe472-d876-4539-8e66-8e234bcd5b6a,julia60,+9WmTrVxSE,oharrison@example.com
40b53601-3c7c-4e2b-8df5-fecbc51a78d5,stephen76,(W4DcCest%,kathleensmith@example.org
c8f5e99f-e3a2-473c-b2b5-edf7780e7882,wjohnson,&8_B_ADw9N,jonessue@example.com
2831769e-0544-4445-9252-b97383fc42ce,sandrews,q9SADvpj%(,markshea@example.net
f0f4696c-4211-4049-9a4e-7b0c6742c77f,nicolewaller,@!^&2AOKbg,qnelson@example.org
459f3ca1-2721-4e6d-a0f4-ecf4ba9a17e7,matthewrichards,O6h9Bojq_p,allison94@example.net
b5004aa0-e0cb-49cb-957a-e2e1b6920915,scottkelly,#1oZc$nJ^Z,greenscott@example.com
089f5f77-7008-4a22-b7b8-cc6a130b5039,gonzalezebony,T5tDUfyr!7,marcia48@example.org
2f0d22e6-abf2-4200-b5b8-27d47cbc5a9e,blakesandoval,c%IZmnbm!8,ramirezmadison@example.net
d3ce2bbc-3490-42a9-b579-2b1e24424c46,stevensmichael,_@NwztTY0O,mcfarlandjohn@example.net
c8428771-d0a6-455c-9974-25fbab6675b5,williamsmichael,a50CIVlX_W,fergusonjulie@example.org
d14073a7-fad5-4772-aa3c-7235a05012ff,donna34,z#2zSvuC)j,perezscott@example.org
b7d22f79-5c43-4ae1-ad8f-1d956a61ef97,abradford,w*9zOQQp_m,westtodd@example.net
ba3cbec2-8346-44da-b9be-960cc3036ca9,derekdunn,*R64T$XkQC,ortegatanner@example.net
42b8c78f-b7d9-41d9-a671-46a5a26d12ff,michael78,!^R(e4RvOw,kanderson@example.org
d7ca7fc5-ab4a-4db5-9e11-ee8c86e41ff0,jeremy77,++wL31Dx(6,williamthomas@example.org
243a42a2-0eab-40b2-b622-1df97a66df7f,adam00,0#B7x$DjuJ,sellerskatie@example.org
766036be-300d-47e0-8d63-5bd7d1d00afa,orobinson,*O8K53@dl*,carlajacobs@example.net
ff1a8ec5-1d52-43d0-91dd-a16d3419571c,peter50,+2RAJvrN$q,heatherray@example.net
c112861b-3c9b-45e9-8dab-3f6ce01a9d79,zyates,+PMGcgFs4P,anthony62@example.com
f64d6ae3-f7f0-440c-8219-fc45a1bc8e0f,othompson,b1NWeydY*r,lrodriguez@example.com
7ee840a1-7404-4765-871f-478d945592b0,fharmon,$GP0EIr%1F,ramirezbrenda@example.org
dbddd120-62a3-4c9b-b9bc-1d71eb71856f,hardydaniel,2Tp5Brdov%,vhammond@example.com
931631b9-0f78-4639-9a6a-8f522c2212b5,brandyzimmerman,XS0nHSmc_^,duncandavid@example.net
f901c538-a20a-4900-a457-ea87bca432c0,maryprice,fY1qPlo@(8,ashleyanthony@example.net
ae5546c2-47ea-45e8-87b8-3c5afa405316,rebeccajohnson,c8Q2hmxH!g,hessmichael@example.com
73b413bb-ff9b-45a2-892d-8413caf5cba4,terrylynch,fX5Dbynr@&,erin03@example.net
d55bb729-a7c7-4f6f-92a2-e926ce4bb1fc,johnathan51,+nav7Vta26,jessicagallegos@example.net
40e219c2-318f-45f8-93cb-3cd5803ca276,kelsey52,4i@7@lR#&S,jsanchez@example.net
e12a23ec-5318-4c44-9826-498e15aadd49,cfernandez,P^1lOAxx#G,thomaselizabeth@example.net
6702d657-ba34-4352-b046-de18d846b5fc,carl96,2CP8Imoa0*,coffeycharles@example.net
b6e4a19a-6e11-41b4-894b-3b89286ab26e,zanderson,A$6V_5Ve*L,saraherickson@example.com
32b9919a-b280-4a62-8a17-f93b211cc8ae,hgray,V#%a6Yfoqw,wcaldwell@example.org
640859d1-fe79-48f8-acab-38dee25999b9,timothyguzman,%gINR29q$9,michael47@example.com
8f94bb4c-fd58-4ec2-a4c8-8ddc696b997e,walterrobert,&lGQyApI+3,fred53@example.com
56ff4b9f-05d0-410b-aa44-227c04a6615e,phelpsjeffrey,k%ApR7MrN*,lopezsamuel@example.net
538575f4-1ce6-41b1-8392-b7ad2afd937f,gjohnson,@e)_$7Ff++,aortiz@example.com
9c6e40e3-945a-48e9-8d61-9b065f1cd28a,dyertammy,$N4avZyp@1,jamie56@example.com
6c253d0c-7037-45de-8f6f-f35d9d3ad082,rioseddie,_4jdD9fMAc,emily02@example.net
a90a59ed-68ab-4dc0-8584-37814e698180,ssingh,IoQWPrCl(7,mjefferson@example.org
78b7cb8b-db61-4ee5-b549-dd6aa047d0e7,matthewsmith,54TRslga!H,jessicaallen@example.org
e1b683c6-abb2-4ff1-9443-354b5aa47a08,zacharyquinn,$bYEl49u%8,beckkyle@example.com
b6c0bc6e-7775-47f9-9d3f-d4b4e694ca17,tturner,%20zAB^bRX,amy59@example.net
19450680-f47c-479a-a3d4-a741320ab42c,meganhinton,%CS0Lk_jwt,martinchristian@example.com
15f8da83-acb6-4272-ad1b-1b8a6dbcd12b,johnsonjustin,Iq2^PSoc%#,robertsonjacob@example.com
96b3816d-cbb2-4711-9481-08038012510b,ystafford,SIQV3Qgi)*,qmartinez@example.org
127da07c-c634-4dbf-bbd8-7a93841fc110,dominguezgeorge,@1ccbBwwr!,lauren21@example.net
3b30f49a-c92f-4337-a6b4-79e776c17150,sean38,N5DPpHS7#A,ymcclure@example.org
b42e512c-2234-4dbf-8b24-da3fedc0cb05,rachel00,2UIqg0Xb!L,antoniohutchinson@example.net
a9e60f74-cde9-4e53-93d6-75a2e783d4c8,sandragreene,d6xMb+M4+4,kennethcollins@example.org
cf632863-3478-4020-bb70-29976ac884c8,brittanyjones,(2Aafyd0Mg,ghill@example.com
c74419ce-d3c9-44ad-949e-2790e685aa74,stacymartinez,U_6x0DFvBG,egardner@example.net
44ada4d6-0843-4be6-81a6-91dc872f7463,anorman,QgNmj@lM*5,monica95@example.com
a554c6eb-e643-4d93-b7b8-100b63de3cab,leahwallace,MU@@6Zjdva,hernandezmatthew@example.net
260754d4-d34f-49ad-9cc6-3680b1ec9bdd,javier28,Ze3YNa_K)Y,xmiller@example.net
1279ef09-a35d-46a0-a286-c8ffe46c8d9e,vcarson,^7SvLOCswf,lisa68@example.org
e429fd36-400f-4616-81cd-3a590d84f227,vjenkins,^#6Q$Tzbvg,roblesdana@example.net
808ee618-d91e-46dd-943a-886b9b375c8e,brandonshannon,31tSjp3G^c,quinntamara@example.com
b408e891-be67-44d9-a47a-a61f51904726,sonyahebert,$I@%@3He*5,terri26@example.org
f7191534-644b-4247-9569-c4e9467d0f67,mary00,(6&WI!qR&8,heathrachel@example.net
ec7082e6-2437-4929-9fb4-bccb99cf1e34,baileymccoy,5lLiAp83^k,sandra22@example.net
00cb4c4a-726b-499c-93ed-77390c58dc08,ryan15,3cT4Cvge#u,montesstanley@example.net
7259cbd3-8c19-4f41-996e-05d820499db3,alexander20,%ENOf1k@t3,nflores@example.net
42ea4865-6107-4ce2-b86a-9ec0ed849f84,bruceadams,_!UYPx+mc4,kellymartinez@example.com
d803bd5e-3dac-4e12-b3be-6fe5464c73bd,fishermichael,!4EqLBvjaP,gabrielwebb@example.com
bbf495e3-5eab-442d-927d-8f0fb259ed97,chaddoyle,BpedOYw_#2,olsonalicia@example.net
a1863af9-7754-49e9-af5e-9eb86e1b72ec,aadams,@k&5Bvb(vy,kevin83@example.net
afa88350-a714-4dcd-98cc-53e0546e20a5,idennis,_7I5dWJi^d,griffinrobert@example.com
5aa967d4-58e4-42ed-a77c-a26634def87b,danielarmstrong,^0lD3@lwKA,christineharris@example.com
ebb5bf0a-8de5-44c9-901a-dc051cd161f4,yjames,M01cFiGP!i,hinesamanda@example.com
742dff03-58ab-4c07-956c-1f6a77a880f6,zcunningham,_e^)0Zos06,xwarren@example.com
03f01e89-a4cd-46f5-b259-f4993be97002,gbarton,Yi)Sp_JR^0,jeffreyjuarez@example.net
da2b86ab-3b96-4bdb-86fa-1da746b94837,zhansen,)3YN^Fmg2P,david56@example.org
27637d0b-0ba8-4b5c-9aea-c9260d945b33,katieshaw,Lw_H2VNp8h,jessica45@example.net
5131d4a9-ca95-412a-8ed2-a4379536d43e,yharrell,(0h9N(Qgho,juliemcneil@example.org
a707f213-1e05-4e86-9294-9a17d6d86071,aliciawilson,#8RPrTcJZ!,tadams@example.net
35247f30-34e3-4229-ac26-6aeea94c8880,lambertamy,*%8ZUntc68,thompsonemily@example.org
175d1b54-518c-44c9-b1cb-0b66c6ed6112,gonzalesthomas,e*EN0zez@8,amydaniel@example.org
de424a60-b6a4-4637-a5a8-dee1095065f1,tcastro,NxkD8EYMh(,keithhansen@example.org
39916b85-cdfe-4253-b941-ff7eb3f4022b,david07,EvJM9xqx+2,paul41@example.com
f40b9c82-0227-4ff4-a861-a7a3cf4e5907,terrencevargas,)(0A)@Ao^N,williamclark@example.net
f22342e7-1891-4078-8597-8011401db0e4,bethany00,@!SS9cw!6l,matthew17@example.net
e3863f7c-7a4b-445c-a0fe-6f61664d72fa,donaldgriffin,P5NGf^i8%G,hross@example.net
c4ba8abf-72e6-4d99-aadf-742de142aae5,hgreen,g5YAwILn^6,tracyballard@example.com
95f35808-3c58-4418-abf0-d3083d700c2f,martinezalexandra,9)m3(IHyyK,nicolefrank@example.net
e9b2c2f3-72c8-4820-ba15-42e4c54ad596,lthomas,_jK91YWbkm,imcgrath@example.org
c61a22b2-87a4-4e4d-8c47-35d2bcad265f,johnwalker,Vx8x0^Tw@@,norrislaurie@example.net
f8b88ccd-5fa2-47f2-8649-c5d9d6b4a514,allen73,1%45&Dq3U*,nathan34@example.org
c53c2790-0748-4ff7-b41a-2a38a37c2a8f,tranheather,!r9DleGH#0,kmorris@example.org
1b680c37-578f-4e47-a4c7-2be466b35887,wmccall,#1G83Y@ry!,fcarter@example.org
2aeb9616-9914-4522-bb24-790b7352c922,dlozano,2+t8Es#roE,william19@example.com
f9e062d2-234f-4ec9-a150-35a5fefa0dde,diana65,_TNleB(l^4,martinsarah@example.org
eb7a288a-c315-4414-a033-8ea8bc393f5d,deborahmckay,@J*06_Nqe&,hcole@example.org
4af74e2d-9fe8-4bac-a592-4b5f9142d22f,sadams,!0YwGKaagJ,xodom@example.com
61b3b6c2-91b4-416a-8b24-950a5fb042e5,michelle66,7NcDbPuS+_,yoderbrittany@example.com
a9df58f6-e982-4837-ad35-df1159e6e81b,gonzalesheather,$0G_&mop!g,robinsonjohn@example.net
fc16a154-a505-45ff-9090-b1f0e66c715a,christopher41,0ixf7Nbv(),floreskathleen@example.net
891b6f1b-12ba-4fe8-a080-d5a9ad84e8a9,jay96,a(0+AqKGz!,justinking@example.org
09c23792-2c81-4b72-ac5f-12b3fa742f35,colson,@3HGws+nBK,andrew58@example.com
4138fb58-7b61-4f1c-95f5-55759d3560df,erica72,ME(x5R@dyl,gclark@example.com
4414a7e3-b855-4f2f-b09a-0332c8ad29f3,nathanparker,d!8Vbf8rT%,adam86@example.com
03bda9ff-bdd6-46f0-9676-dc184f599227,daniellehicks,254AyLv3(#,jgill@example.com
7bede026-71a6-414c-8b2a-d0555ae0c084,james64,#b644Aqu#W,lindseycastro@example.net
01e78b46-6179-42a2-9b80-83aaa53f7543,deanna75,F(oa8Qy9_5,reedcarol@example.com
39c97465-233d-4e51-8a19-0acacf815285,ryanfuentes,!D1jjUrY%n,oconley@example.net
b3a1b47a-2b0b-4575-bf35-c0735d5c0407,sheriwyatt,&f3s8HBg8w,shanethomas@example.com
70d15d26-8ac7-4ee8-9737-6873496ad6e3,asanders,&$2AnB$fPq,rdickerson@example.net
807f0a54-4a84-42c4-95da-73689e23d792,diazhenry,72lLqFnk@8,jeffery20@example.com
7fe3cd81-778f-4556-a512-59bf29fc6481,lisahancock,Nk0HWyGx$#,rriley@example.com
b23d50bc-7909-44ca-a7be-340b12b7573f,alejandrakim,BD)P7UkrI!,mollyrussell@example.org
672bc33f-8fb4-4e0a-8b81-65206bc8fcf9,brian11,y7n(8Nn@A1,davisjames@example.com
e4c38915-228e-46c4-a26a-e5637442ca82,rodgerskathryn,^$1V9miuuy,nelsongary@example.com
dffc19d0-eee4-49d6-8838-1f77547bae00,roy69,h$d4UeXfP^,thomasmichelle@example.com
abbdbe43-602d-431d-8626-0cf50947c4ae,echang,_KDmb*K@l5,hayescourtney@example.org
9784dc8e-cc93-4b72-968e-c82071c6d108,ibailey,(W9Fw!(9%_,aprilburgess@example.com
d5fcdcb8-62ce-4e5c-9ebc-d92f0697d372,david44,ino02H$wU),yjohnson@example.org
0a292264-259c-4bf6-8a7f-db165b878344,graycindy,#V&BvAwfz0,brian67@example.org
f6478c91-5140-4e3d-a556-ca0b14f9d52c,singhrobert,*RFG0DvvB&,matthewhawkins@example.com
f2d986b2-267f-42b0-a30d-ae1b2ef24455,gonzalezjulie,ZE3+4Si_QN,fedwards@example.org
6b702003-de66-4c6a-871f-659b358f3b25,beckheidi,%%_Mx15fGU,robinortega@example.com
253779b4-b671-42d5-92a1-4b059e851481,lozanomark,@3Zd(Rwnbr,kwhite@example.net
cbc02710-631c-456c-bdc4-eab69ca42a41,ryan51,1W(LdjzV%r,moralesveronica@example.org
0e0a2d73-f0f7-46e3-8663-7e0319c9643a,rgentry,sg2)m9Lx44,stephenkennedy@example.net
1b446cf3-da21-49b2-9162-949a9ab680e1,derrick65,J#7OqJeLE+,collinsmatthew@example.com
94695a37-034a-4b2d-a4dc-f0605e5e9025,manuelbrennan,PS4kkvNj%p,oortiz@example.com
513056b4-6c88-46bc-8dd0-702e1aa6d68c,lisa51,C+#9Iw6Zap,harrismichael@example.net
16b76435-fdf9-4dc3-93a0-1ab996b2f11b,courtneymatthews,(tuwSF2)6q,ikennedy@example.org
51073bde-90e0-4fb3-831e-197d302a52fa,orozcocarl,^)9AjrysL#,juarezkurt@example.net
43aaf152-d7ab-4740-bb79-7b2f2d9481f9,larry21,*6UbcU(1YC,rmoore@example.org
8792b94a-ad47-4dc3-ab4c-3925ee69151e,farmerstephen,%0AjuEup9U,robert67@example.org
27ebc4e8-1799-4b47-aa9b-b591d90f871d,amy83,RlQDId*v@4,jmorris@example.org
66e1f211-81e4-4010-a55e-fb346f789b9b,martinshelly,$i5XfP+N2y,mooreamy@example.net
0befd182-33a6-4022-b3d9-e859492c910f,jeffreywest,jV@h0Ka)$j,andersoncody@example.org
c473ebb2-e6ff-4f8c-921a-bd50f0b50ea2,youngwayne,1&Hn2qAzbs,oharris@example.com
cb605549-589b-43b7-bd42-9197ccb2acb0,fgeorge,zCd_3DbnT9,veronica78@example.com
a39427b6-ca6f-4492-a926-a0f1b9e2b339,samuelgreen,Iqk@5WNc#W,andrewthomas@example.org
9765249b-f0ef-4d45-a0c9-83967576e5eb,lewiscrystal,+nB3RLqvqt,ashleechambers@example.com
a1733a5a-8c49-4e1f-a1b2-54375ee43460,drogers,$aXcybZbs5,pcarter@example.net
20dbe5fa-88ca-44ad-8ea3-0fb1d636262f,brian72,Lr9lcALi@g,james27@example.com
c553a3f5-6d7c-4ebb-9620-0d2618bbc9bd,clarksean,l%0ZFMxM!P,salassue@example.org
3b081453-9ded-4aa0-a9ef-b71ad4e77857,shortlisa,c0GU_B7%#t,myersraymond@example.net
e2a53342-fb05-4dbf-91e6-aebd9f65ceb0,ashley87,f&4)0^Dz$C,ecastillo@example.com
e335e1e2-fc4b-4300-9381-5ef2188ffb82,stevencochran,OM50MyBF&y,david69@example.org
df47d251-bbae-4efa-8c63-ab91bdb10d61,haysmichael,iDUJbluW_2,montgomerysarah@example.net
f8fc4aee-5545-4325-8bfb-8df7347e7184,brittneyallen,x)4W_XXn@z,barbaraballard@example.com
443534a3-6d5d-4b76-8cde-ad4c412b85e9,jose11,v303U&h$q%,nicholas11@example.net
2548e5ed-6513-4ba2-bb6c-fb9770d17335,williambrewer,#clhHitC66,ncochran@example.net
db078e2a-1af1-4cf8-a239-6f507352f019,jeffrey87,D62p*$Gp%W,qalexander@example.org
90d98455-083a-4cd3-8354-3dae9284459b,dalton11,)rO$uin69t,jamesadams@example.org
638b5e63-c125-4a85-bc14-a252ef41a154,tyler87,)5W6ZkSv&B,alewis@example.net
c6dc5112-8668-457f-a219-cdb26aee724a,andrew35,e9Y_J2Du%g,derekyoung@example.com
6901ac37-1e89-468c-9988-9e26a7eaf003,deborah48,s@9OtXNi*M,richardli@example.org
42a9d6e2-9426-47a5-980e-248ab7478dd2,patricia73,@6DpT@r&$y,brian71@example.com
e85324e8-f096-4987-8013-140dc665c371,ricky67,_3H0iyz%h1,browntyler@example.net
0a5a88e9-8764-483b-8d09-39208ef54a4a,steven98,6lKR7iXB&#,amandarobertson@example.com
fbca3e02-ced9-4cee-b641-3b0df383be72,jason67,$0Db)&Qu%7,aaronjones@example.org
e3db3a39-8454-4d44-bba7-ded82960e52c,jonesclaudia,KZ%3UrHh(F,dking@example.net
19456893-495a-4915-b09d-ef2fb8efc633,austinalexandra,+uzKsFJf4J,rjohnson@example.org
4218d8e5-c614-4a5c-93ea-029faf6aa425,kgreene,JL1Y&05aR%,susan57@example.com
09365c7b-7148-4212-9ce9-d26169aac9e7,jillneal,I^P6TffM*5,kstewart@example.org
b974c1a9-64ee-49c8-aa03-2dc0975b4c19,tylersmith,#faBw%EsI2,beth43@example.net
bb05f0ce-3ff6-4963-87d6-00f2f6f3e399,alan79,t!os877pJK,shellywebb@example.net
8ad5a87f-e212-40d7-9550-0ef91b4ef49f,phoward,2JA1okch(u,younggordon@example.net
ed44904c-3584-4c1a-9a9c-3aba67e17403,stantonandrea,+34URW^Nkk,christensenashley@example.com
94e4b726-a31f-44aa-8c44-d511bd6032c8,prattryan,+UKFf4eo6Q,rosaleskeith@example.net
5ca8ad11-a490-427d-840b-9e41f9e147e3,jacksonkeith,Z2f)hPl@#w,nicholsjoe@example.net
64d848a5-73eb-4a2c-9ef2-05fd5d25e337,fmartin,)+eEYtc*z6,lori00@example.org
8426a217-b20a-4127-998a-66bced497a5c,colin28,)^0RviGz6V,ramirezyvonne@example.org
a9b00f16-041e-41ca-8a6d-bc2b9bad596e,jade28,%0IKlhVUj6,amandabrown@example.net
131ea3e1-4f28-4d10-9eee-5d656ad677b9,wallen,wwYU8Ny*E%,allisonrichmond@example.org
d74eeaae-9c72-4e6d-b9a0-3a619ec9e95f,patrick78,Du!1YFFh%L,howescott@example.com
9244496c-1a60-41db-ba35-27809eb5911d,bridgesalexander,imA+5(Wp^Q,wjones@example.com
e19ed1c0-5537-4b54-b3c0-8ff4bfb4414e,debraramirez,kVrS#dgt*9,jacob87@example.org
9fe5abc3-bce6-49c3-ab29-baee81002821,hornerika,40($8Ssh6v,jacobwest@example.com
9be042f3-d285-4774-9158-8f2996841ccc,natashamiller,)ChqbPYz7t,jmccarthy@example.com
bb9b5c08-ea25-4fe9-b8ba-5708e8274a02,tracy69,!EJOUFsgm2,diazkathleen@example.org
a3815606-12c9-4dc1-aa56-91cf734f60f0,ihenderson,$U4Tvsedh(,nicole11@example.com
05f46e05-8793-4da2-8ea9-f5a096e36e3c,gwendolynsuarez,0!1+bO()*v,dawn69@example.net
7524b1c8-9c3b-47c7-9ac0-152f898e644c,christina70,g92C!Xtk^P,parkernicole@example.com
c6c5e369-7916-4caf-a7e7-2e81bb096d94,brittany56,xkNCsx!o@7,torresnathan@example.net
9ad52327-8795-421c-922e-0631fa898776,jeffreymorales,$FU&N5Nqc6,kelsey04@example.com
8462ccb9-db96-4049-ab6c-e8b4a6d300f9,debranorris,%ITZtl&(7b,monica65@example.com
b30a96b7-0baf-496e-b1ee-8ca569c7ae2e,wspears,n2FeW40e&T,kgreen@example.com
86efb3b0-c6d5-4e0e-9357-1e73345cf7f9,jfisher,!b6I6Z)wOA,kevin46@example.com
5d09d1b2-e47e-46e6-996a-d736635e6c5e,tara88,&Rtp5GmNrM,igarner@example.net
6a244371-d16a-4f9f-a6cb-dc7cf41422bc,katherinegomez,&j1BXQ8dw5,kaylaharrell@example.org
cac91ea7-12aa-4793-947f-ed62b4de5b46,joseph20,+4Fh93LyX%,kaitlin19@example.org
8d1687bf-5c15-4a9c-8133-d9f08977d4b9,kellysanchez,61b98&Mr_0,taylor23@example.net
1f00f16c-4176-4425-a81e-c7c7107d483e,taylorchristian,c3b*r4Vvo*,cmerritt@example.net
f2388357-51a0-4240-b6a2-a01f80a6fb1b,stuartkimberly,!rlX%Fc^^1,andrewsandoval@example.net
83a0f8ec-9a17-4dfa-87e3-a4d54a796215,stewartadam,^2F8y+b2+o,brittanyreyes@example.com
d9191e28-b096-44e4-af35-a963d62ed276,qirwin,!^TzrKucw1,qthomas@example.org
1a8ec08f-6d33-4846-8abe-e7f1fbb1532e,kwhitehead,P2oNff87(@,sandovalalvin@example.net
be0f8fb1-ac84-487d-b506-e61e0f677418,gford,0k%&0CvmC+,holmesbobby@example.org
777a7fdf-09f1-470d-a231-be47ef7f3d00,qwells,%z4PWtjn(),garciaalexis@example.com
31fce0f6-7385-425d-a7b3-f6e4ad0268e5,tprice,eJ8GCj!nT(,christopher83@example.net
e236dcd2-0889-431d-a24f-ffea7c5bb139,uanderson,+2PP%cY%Ni,phillipsjared@example.net
4118f5f3-3f94-4350-833a-7f0ed77a69b7,glasslisa,9!YNw!Rf)+,helen46@example.com
af5d25c7-3272-47e1-a8b7-5d60b08743d2,gonzalezdennis,*597Uqdgsz,lmatthews@example.org
87518e6d-05c6-4357-ad97-c00420f568a6,vasquezlarry,9)V0lWIc^t,nicole42@example.org
ed827610-7eb4-42bc-875d-8c76b2145f12,joseph03,G+U6Kmrx$6,dunnjason@example.com
cba7c84e-1307-43c9-920e-efd6cf0667df,mturner,w#uKC5eX@2,dawn22@example.net
8ca9576f-c05d-48f9-98ce-5262debdde88,hhuynh,t6ZBUEjP+D,wooddonald@example.net
1d5a3de2-ff0a-4f30-b8a9-48552999b4c4,piercejohnny,*_2S7qYRn%,vincentlawson@example.org
3c325cf2-96af-4201-9898-0a45dd8e2ad9,brownlisa,aa1tW4)WF(,justinpeck@example.net
34dea7d6-385a-432e-8d85-340a6ecaf56c,vdodson,6%6WLu5CK+,alexander80@example.com
11a5c6f0-8fe5-4b79-853e-6880178caa24,echung,+3ttTEPmM),jessica15@example.net
75a154d6-b6fc-4872-899c-be3ca82c2945,arthurwilson,*Q(R6XLkMS,johnmccullough@example.net
6321e930-5de0-4132-b69c-5cd6fb55542e,jason66,^7SbesZQ06,rthomas@example.org
a975bdc6-6472-44c2-809c-1ba7d0b31408,theresa43,S7k6Cmyl!^,michael56@example.net
86dee4a8-bd77-4bbc-ad81-70b7ca811804,newtonmckenzie,g6n%WVI1(y,michelle51@example.com
c9c2887f-4e20-4b24-9571-a8760feb3cf3,kathleenkim,NEVCQbyt@6,brandonlawson@example.net
1f46b6eb-ae90-4166-87e6-85d12c447461,johnhernandez,cYf(Q0Xu$7,solismark@example.com
ead524e1-5153-4666-803c-151c4842ea56,scottrodriguez,T6eGQeEG+1,everettlynn@example.net
1b27b260-a961-4332-ba50-e8a6b1247bb1,nathan62,604VUpUj+X,maureenperez@example.com
212d1ed8-40e0-4c18-8816-1778d22757f2,kelsey96,(C1io&Wg_k,jjohnson@example.net
189dcd66-3ba9-45f8-8697-f178d0b990e8,davidwashington,+23qUmc5%w,ccabrera@example.net
0726a7d7-d086-4126-b443-8f1475d5a695,jenniferbernard,(8qRp8ehwo,dave63@example.net
d99466db-5174-4795-9247-805b000f1863,hallcynthia,$1Pu*Ml6lv,zvance@example.org
5e1c4ae1-f1ae-4c9b-bbac-bc8de06e5cda,adambutler,d(3OvuATU2,jcarlson@example.com
eff6051c-bc9f-4248-965b-3e07c73381e0,oolson,(76cFufeNQ,ihernandez@example.net
ca9a13fc-db94-4e4a-a215-5bbff07052c8,robert26,!oU@)i!LR3,zbush@example.com
719ca6a7-3083-4d8a-875b-ad96dccebfe0,michelle85,1#o1MTqm@%,wlopez@example.com
08e0dda9-3e9d-4ac4-b3bf-0dcc45de2ab6,zachary35,@fp78I#x5n,vholmes@example.net
38d0e6b0-c207-4b1a-b0e2-b005948302c2,peter74,$oLxgCYCy9,turnertheresa@example.net
c097152b-5b07-44c8-9a38-97db6a211338,hjohnson,2*3Ihx@ykn,bpadilla@example.org
5f47d9cc-dafb-4360-aae1-25b3afe79ccd,nicolejohnson,)00JJF7zZh,sean22@example.com
bc92ebe8-bee1-4df4-9308-899b38de6298,qross,qi#_6YSkx(,lindseycook@example.com
1ac156f7-e9cd-4bd8-90c7-486cd422fd25,madisonmiddleton,(Xnr!n_O7p,probertson@example.net
4d592a23-a9fa-4afa-a8fa-c7aebec526ac,onealjoseph,g1Vqbbia(k,lisapena@example.net
2d40ce53-425a-4477-9bb0-ee436b4c31a3,morganpatricia,w8_0*9Rl8d,mirandapatrick@example.com
bb75fa96-4604-43a3-9dff-6539686b1f35,imalone,3Iv9HcQv(!,ywhitaker@example.net
705dacb9-b82e-4127-a362-ba003c702285,curtis74,75vQrJmr!q,kevin87@example.net
bfca6a6a-5aeb-49cb-8ce6-048eb096854d,ryan36,!Hc%v0Ibjd,xellis@example.org
36df8c56-132d-47cb-adf5-b593d79a2c12,christinadillon,ba6FOrq*&S,wcollier@example.com
9c463f2b-e2f6-4d69-b624-ec29573e7994,vanessa09,(K2TqbKcj%,tyler93@example.com
0d3ce70e-cbf8-45e2-b187-22623aab40de,hwatson,l9Y4Upvu+F,grantisaiah@example.net
e0b83bfc-5b09-4ed2-b8ee-59857a0fbeb6,wallaceamanda,(6PbPNOuF(,salazaramanda@example.com
662bfcaf-3c12-4d31-80d6-53707597b4c1,claire11,tbA8^MosN_,daviscarrie@example.net
c54098b4-9f7f-4573-99de-e173677c6725,zcampos,2c^_3GtOd&,pochoa@example.net
e25dfd80-4d7d-4f99-aac2-1ef3735820c0,kevin48,#)2B50p0oe,ashleydickson@example.net
ca55c25a-200c-4b19-9131-421983f99e95,khankathy,3(Y4V!rPKY,ryanferguson@example.net
333b13c9-635c-461c-b025-4ed401e7cb2c,salasstephanie,NPxM5NOsN^,lmorales@example.org
af29c5ef-2110-4059-ae2f-8daf3b361fa9,ezimmerman,+u9Em^Fy7D,audreyferguson@example.com
be7ce863-cb15-472e-b6fe-04776515366d,jillberry,F!8!X8OjH2,josephsmith@example.net
aa3d57ee-af40-4496-913d-f1f823c38686,hardingmary,#t5Bqa%gJC,lkaiser@example.net
550ce0ac-9b40-4ddf-a16f-a785c846141d,ann29,p#2iKysk9f,morenolisa@example.com
e8079355-40e3-4e7c-97f3-4860cbd5095b,bennettzachary,o&0jNulM%o,roger49@example.com
7f6303b2-e318-4250-8402-a50cf5d578ae,smithmichael,f^@1MPwg+S,kristensellers@example.com
bbdd17ce-e8c1-4aa4-addf-72945d5750f5,qjacksona,()a81Xms9X,tsimmons@example.net
2b844968-e7ca-4b97-bc2e-2cb9fd4e8d91,nicholskeith,wI6uWnt8!E,andrewgray@example.org
182ff4f2-8278-41d2-8440-03ef04b019ef,james30,g^4jmUl_N*,brownstephanie@example.org
edf87db7-e2c0-4582-9c01-4e030390012b,derrickfloyd,)HuRe_7kc9,katherinehines@example.net
898766f4-81d3-40ea-8ebb-74876a09dde9,brittneymartinez,MZaEImc8@3,samuel42@example.org
3c4a12dc-010a-4dc6-be44-42c27dd51959,jason51,(sCoMGAyN5,vscott@example.com
6d0ff584-3524-46ca-8334-17093f4b91ee,phernandez,)AfJzPe%#4,vhuff@example.com
1581e5bd-4b14-4e92-bf7d-8be3bf713062,juliemendez,#O+F4DclvO,shawallison@example.net
386c7e3d-ef46-49f8-8e6d-6797686b403f,justinbarrett,y10Rzou)$1,vickiecampbell@example.com
6c8c3243-6350-4688-b6cd-8678ba0a6a8a,rhondasimpson,3#k7XhH+77,pamela30@example.org
fc4866a1-2de7-4436-9870-8aa32b613198,thomas15,i%C4hHsv!&,qlowe@example.org
d8f303b2-1391-43bd-b535-820d485331c9,theresa72,rH8NSvvik),brittany19@example.net
981dc233-7b61-463b-8f9f-798571a1446f,castrodiane,q21L@@N_!T,reynoldsgeoffrey@example.net
34db2f2a-c861-4059-b13b-c1c301add8f6,brandon56,0C*F9XMiU7,dixonkayla@example.org
b1e97858-5400-4fd4-84e6-dd8c5a3445d0,wilsoneric,&8UGN!%mGA,njohnson@example.org
9bba5a54-152b-4e99-b0a2-3846d9942df6,michellemendoza,%4LBQqmT_V,idunn@example.com
4107902d-82ca-40db-a2bc-8c4f1440f4ca,rodriguezjohn,*id#LlFYo4,karenpeterson@example.net
33fdf8c4-7ce2-4592-9fdd-2b327feca620,michael78a,O+$9KCBvLg,collin38@example.net
a5120304-bfc9-44bb-bc1b-a18ed792985b,ylopez,jq!+6GXRm@,bethoneal@example.net
fabb0185-6a7c-476e-81a4-f63b54c6286f,frivera,(2WCLLnbv7,kevinhickman@example.net
8e175634-b8a7-43c3-9b5b-1d7f515b47b9,thorntonangela,_PFR_dpi%6,christopherfoster@example.com
7dd8953f-a7b4-4116-991e-804eafcb117c,pagerobert,&4j2GBzrY5,fjohns@example.net
2d116742-c4f6-43d0-9cf1-3b591e8029eb,lindabenson,)3QPdUWbwV,catherineford@example.net
0e1406b9-a26e-42eb-9c29-41f15e749db6,christianowen,*z7^Ft6Y*5,garypollard@example.com
c6b394dd-3c3c-45e1-955a-bbd25590f2ab,jennifervargas,kE_d0ZuacB,david09@example.net
cd416eae-6d8b-4b03-80d5-3a6c4ac3179d,joseph34,X4mAgscD_Y,kberg@example.net
1f791c33-05b3-4387-ae0e-8808f556c638,brandonmacias,^n%7h9OahW,wtorres@example.org
c4c34d0a-eaad-4684-b115-fb4ddb6cb198,gabriela63,QyTrCgw4#0,paula07@example.org
d0dc049d-b1d9-4e20-988b-5ef5e1825605,aaronbailey,+fWL7Dbl@t,meganpetersen@example.com
31c69f78-ca95-4e10-8c08-24a6a579e7e1,ryan72,4Qu@BdIK^x,wcarey@example.net
6f75757b-fa40-469b-82bc-7eac368fc0e3,jennifer42,b8aEK@ts$0,rachel99@example.org
97310757-4653-429b-858a-e36f53b74dcc,simssara,q3Ff)Cwx&B,donald82@example.org
9bea3226-0110-409e-9163-ad431e290393,jonathan44,mNu^1DWixE,randy83@example.com
9c602e0c-2a99-4005-9c6f-b73c1b4bea79,wjones,&qtD^1Na+v,danielle47@example.com
3bc06f5a-3ed2-4554-ad60-13cefeb5dec7,davisdebra,!ze8QDvT#o,matthewfleming@example.net
cb564f13-d0ce-4f89-83f6-60fe6e8ff841,adrian22,4(vp2Ubf^*,ujones@example.org
72d392ca-aa5a-465a-a3ff-9b2ab9281d86,walterselizabeth,$5I$X9LqaR,brownjulie@example.com
ce314ae3-51c9-452a-b481-0595b6919f7b,andrew80,7%4FHrlNjv,brettwade@example.net
ef43f053-e194-46b2-bbb6-1b423209cf46,ovillegas,(4rbO6wD^7,evan11@example.com
232e01ef-67d5-48c8-98b4-20204112ba3a,ryanneal,K+M72FpF)6,vscott@example.net
3d38d287-6194-430b-ab6d-8a899d622e4a,owood,Rp#nE@13#3,bjackson@example.net
519c60ea-67be-4181-b40b-7d5bf7bb25b9,ashley11,6mFYJ7sa_W,davidsimmons@example.org
c0049589-b9ca-40bf-a3c6-da628399c61c,rbarton,p*wNdpbk@6,brianscott@example.net
54da0cb9-5b63-43a1-9574-920f91bfc170,hcampbell,0$19ZGE94p,ljohnson@example.net
19680e99-247a-4ce8-be36-23fd74be8b66,wilsonjennifer,#!u12hTw$x,czimmerman@example.org
48a998e3-6186-4eaf-9222-bfd408b1d9fe,heathergreene,^)50fCb)ac,mathew27@example.org
82f52786-a4e7-468d-8618-100cf4d3fb7a,tanyaphillips,^gB44FPeRF,barronbonnie@example.com
9822203a-5527-408f-96b0-8a01874ab2f1,utaylor,%E#r8%BfS1,andreadunn@example.com
2229b53f-d489-4c69-966c-ba5551e7937a,johntaylor,+0Lr1sfy6n,michael66@example.org
2f3dc7e8-74b8-4cb0-800f-79791462d1f7,jordandickerson,W5GJ%(nG$7,stanleyfrank@example.com
d45b993f-1c58-48a0-830c-d3da19966929,mataryan,xt85TMnu*7,ashley33@example.com
b69fb47a-1d32-4edc-bd5c-17cdaec782f7,zhamilton,)H5XcKKt$s,diazcindy@example.org
d51ae98b-f8a6-403a-bf62-6e4eb263a141,kimberly44,_H+37QYdm$,staciepitts@example.org
164f7fd4-cacf-4379-9308-2603d4a0dc8d,trevorli,(1SO56(*h%,blopez@example.net
9aa8d2db-b8c1-4c2e-a806-7fccebaa14a9,sgraham,&7TBh!voDs,hinesjohn@example.org
5d1da2f5-cdff-4012-8678-6bd5f9d64b13,levans,HO0CiX3pj*,hudsonholly@example.com
69bb33c1-f902-4a16-bb32-ef0141f3a8e6,rachelmueller,&fVdhoDXD7,wrodriguez@example.org
12fbfdaf-e087-4127-ae11-8392c4014f23,qhunt,5*5YUJeZvP,sandra28@example.net
9d4a157f-f107-4b93-91a5-aff812d1973a,ortegachristina,+o@9Yo0GL(,zsnyder@example.net
ad2b7ff1-a0f6-4b3e-93d8-7dd3ee6c1b13,gutierrezrachael,H2iZPVuD@4,christina43@example.org
10206bf7-26ec-4ea5-baa1-114a743f8cd0,xclark,0A7jYn^@&&,angelicarose@example.com
21df90a8-2009-4719-ae60-7c7116ee37ea,william53,4a2FeWrij+,mdavis@example.com
173334b2-306d-4a4d-8cb9-5c0d5c058c7a,nathanwood,Ko&$!H&4(8,bradley27@example.com
7ce5fffa-125b-4f54-8504-02b839436903,cdavies,#$eN(Lbj1h,zshaffer@example.net
71f90bdb-6aa0-4f3d-bfe5-981a849c3d55,martinmelissa,&9Ga3nUwZ(,christinaward@example.com
f3c085c2-6466-49ec-932d-53947cff2993,martha64,mw05FRc)N#,richardsonterry@example.org
9c157037-bb3c-4406-9c97-0560102c02d5,wbaker,(9%4OQbda2,stephanieshields@example.net
a8e1fcb6-b140-4f76-b105-e11aa932c04c,pperry,Ius2&+Sae),teresahogan@example.org
b11ee1fa-9feb-4e17-891b-7dd1aab7686b,tcollins,#WBn+O^h80,qwilliams@example.net
dcd88e49-5875-4294-a2c9-88a8175fbc74,cbaker,_K2eTwUk%@,moralespaula@example.net
3b1f6ef2-d8b3-49a7-acc4-a1207bd7cf3e,kathryn67,it5X+N_dI%,willierandall@example.net
4012f3ab-cb1d-4c9a-8915-0bc2481668e4,hernandezjason,61QTqtBy*G,loganroberts@example.com
7ec63a4f-a407-431d-a521-b950c3b31da5,michael53,A8lF2%vv%Q,nealjoshua@example.org
120e9258-3b97-4b65-8264-f02ddd2f075d,tamisandoval,%$4TLqflA1,bautistacristian@example.org
3994e86e-d5f4-4c8f-9842-34a1353dcc16,floydbarbara,Xq^12ZlU!C,moodymary@example.org
54cc36b0-9e95-4b70-b55d-4d1ad90207a9,emilyhayes,$bXhk%_d8t,stevenyoung@example.org
19cad3d7-2693-437d-9695-e1364039934e,jcooke,WlvHJ5Sh(D,reedalexander@example.net
b604796b-7346-4696-aa92-f83ee12bebce,cwoodard,)1(B5Onj!S,anthonysanchez@example.org
24afe563-6a42-445d-a779-b3326d3f38c0,jonesbrenda,fvy8M*c_!^,changeric@example.com
909815b7-f808-45ea-88ea-a1faef62bc70,browncurtis,_6zrCaFfFl,danaadkins@example.net
f612b0f7-e4d6-4ce5-bc96-5875df99f93a,edavis,g8B&fHFz@4,dustinjohnston@example.org
d295635d-8b2a-426b-8e94-d7c5506ad209,rowlandstephanie,^y4Em2wLn3,emmafreeman@example.net
3f6f07b4-ac8d-4bc6-95bf-4efc45cf7f60,xmckay,vK2I17Kq7%,lmitchell@example.org
a3da07aa-cc11-4e06-b187-797420f0b12d,qbanks,+l2KIMXE9w,matthew12@example.net
6cd4fb5d-55b5-4927-8515-2ca7aaf61688,kelleytravis,)q$Cvtyy4U,pfrazier@example.net
be683439-239e-4769-958b-280b3669de37,cmacdonald,n5DVkZX#_W,currydarren@example.com
3990c3ce-0258-4234-8d65-7b9c4cb9be0c,mark25,&v#LF_iX8v,cassandrastephenson@example.org
e1ffb278-13e5-4732-98d2-8598f8e7a3ec,gabrielle35,r0Ai6kj9(%,flittle@example.com
367b04e7-aebd-4907-9587-cf934ed4290e,kristicurry,cGJyDpgn!1,jennifer39@example.net
d2f9462c-6a01-4ab3-87b4-1548762dc52c,michelle23,(Kc52Baf1Q,susan65@example.net
f0370082-957a-4910-99b2-90f6128aa54f,mathissherry,%iS0EIi&Q$,wallacesandra@example.net
89c0997c-f227-46a2-ba89-2a0625b9b325,smithmarisa,g%9ZhN4z@4,brandythompson@example.com
